PID,Time,TrialIndex,SpawnIndex,AudioIndex,AudioAngle,Angle Error,Distance,Response Time,Visualisation
48,168.27,0,0,10,1.123195,1.123195,2.954623,13.15437,Arrow
48,177.7787,1,2,14,357.8148,2.185181,2.240334,9.508652,Arrow
48,195.7531,2,0,6,353.2225,6.777527,2.712543,17.97446,Arrow
48,212.4249,3,2,16,5.327357,5.327357,2.427727,16.67171,Arrow
48,236.059,4,2,9,1.439352,1.439352,2.345576,23.63419,Arrow
48,265.537,5,2,15,347.583,12.41696,2.234567,29.47798,Arrow
48,292.6012,6,1,4,359.7925,0.2074585,2.410537,27.06421,Arrow
48,398.24,7,0,1,329.6707,30.32925,2.301887,15.68262,Radar
48,416.63,8,1,8,328.4458,31.55423,1.8627,18.39001,Radar
48,437.629,9,2,10,350.3446,9.655426,3.027345,20.99899,Radar
48,451.9604,10,2,4,6.955596,6.955596,0.9255376,14.33139,Radar
48,476.4333,11,1,14,321.5236,38.47641,3.03774,24.4729,Radar
48,491.5204,12,1,5,341.8529,18.14706,2.026278,15.08704,Radar
48,506.0723,13,0,11,358.9597,1.040283,1.002979,14.55191,Radar
48,725.2723,14,2,13,7.706917,7.706917,3.08798,5.413025,Lights
48,752.5943,15,2,12,351.7781,8.221863,2.308421,27.32196,Lights
48,760.803,16,0,5,10.19062,10.19062,3.054263,8.208679,Lights
48,777.4908,17,0,9,2.941792,2.941792,2.403495,16.68787,Lights
48,796.3792,18,1,6,7.51626,7.51626,3.167537,18.88837,Lights
48,808.659,19,0,7,0.7634019,0.7634019,2.182153,12.27979,Lights
48,819.0161,20,0,2,0.9545774,0.9545774,2.239245,10.35706,Lights
48,914.9537,21,0,0,340.3472,19.65283,2.103059,20.00073,Arrow & Radar
48,932.7599,22,1,13,350.7188,9.281219,1.244554,17.80621,Arrow & Radar
48,950.1773,23,2,7,343.3807,16.61932,2.741292,17.41742,Arrow & Radar
48,967.5084,24,1,2,348.3578,11.64218,2.092644,17.33105,Arrow & Radar
48,978.3861,25,2,6,6.427407,6.427407,2.323602,10.87775,Arrow & Radar
48,991.8297,26,2,11,340.9049,19.09512,1.594025,13.44354,Arrow & Radar
48,1016.41,27,1,0,355.959,4.041046,2.15151,24.58063,Arrow & Radar
48,1180.79,28,0,3,357.6034,2.396606,2.25768,3.950928,Arrow & Lights
48,1184.443,29,1,10,357.8519,2.148071,0.8559771,3.653076,Arrow & Lights
48,1196.304,30,2,0,359.7772,0.2227783,1.61349,11.86072,Arrow & Lights
48,1210.764,31,2,2,13.24999,13.24999,2.260547,14.46033,Arrow & Lights
48,1225.547,32,1,16,0.953234,0.953234,1.709067,14.78284,Arrow & Lights
48,1231.195,33,0,16,7.981199,7.981199,0.8358973,5.648193,Arrow & Lights
48,1239.356,34,1,15,3.917138,3.917138,2.13975,8.161255,Arrow & Lights
48,1317.647,35,1,12,356.0878,3.91217,2.775061,18.26917,Lights & Radar
48,1327.435,36,1,1,350.0534,9.946625,2.195781,9.78772,Lights & Radar
48,1342.259,37,1,11,356.0245,3.975525,2.414582,14.82422,Lights & Radar
48,1352.94,38,2,8,353.8232,6.176758,1.229018,10.68103,Lights & Radar
48,1366.911,39,0,4,359.0768,0.9231567,1.947599,13.97034,Lights & Radar
48,1380.813,40,2,3,359.735,0.2650452,2.142011,13.90234,Lights & Radar
48,1390.003,41,0,12,353.4221,6.577911,2.914053,9.190552,Lights & Radar
48,1841.167,42,2,5,141.3755,141.3755,0.8849781,24.15808,Control
48,1865.281,43,1,7,27.90505,27.90505,1.251859,24.11389,Control
48,1889.145,44,0,8,359.0254,0.9746399,2.73718,23.86414,Control
48,1902.496,45,0,14,266.434,93.56604,0.9255402,13.35095,Control
48,1923.809,46,0,13,15.79555,15.79555,2.275753,21.31311,Control
48,1931.448,47,1,9,321.2021,38.79788,2.02739,7.638916,Control
48,1947.268,48,1,3,116.6209,116.6209,1.051113,15.8197,Control
49,260.9427,0,2,13,180.2891,179.7109,2.963961,7.663788,Arrow & Lights
49,309.216,1,1,15,357.195,2.804993,2.622685,48.27332,Arrow & Lights
49,340.8965,2,1,4,354.7597,5.240295,3.227971,31.68054,Arrow & Lights
49,364.6038,3,2,0,9.709829,9.709829,3.064583,23.70721,Arrow & Lights
49,383.3401,4,1,9,5.473327,5.473327,1.733711,18.7363,Arrow & Lights
49,412.4102,5,1,0,1.069953,1.069953,2.383851,29.0701,Arrow & Lights
49,430.53,6,1,12,346.9475,13.05249,1.610738,18.11984,Arrow & Lights
49,673.6714,7,2,9,348.05,11.95001,1.076343,30.20959,Control
49,699.2009,8,2,3,333.901,26.099,1.124445,25.52954,Control
49,742.1276,9,0,13,323.6154,36.38458,1.883538,42.92664,Control
49,757.6747,10,1,1,359.3335,0.6665344,0.9854631,15.54718,Control
49,778.5245,11,0,14,0.9287151,0.9287151,1.620415,20.84979,Control
49,804.3838,12,0,10,329.6131,30.3869,0.4586168,25.85925,Control
49,819.8171,13,0,3,351.4268,8.573181,1.37616,15.43329,Control
49,1007.63,14,0,2,354.7977,5.202332,0.8686224,11.67743,Lights
49,1019.52,15,1,3,354.8873,5.112671,2.892514,11.89038,Lights
49,1072.847,16,0,6,1.157952,1.157952,2.784292,53.32666,Lights
49,1100.51,17,1,13,357.3717,2.628326,1.846401,27.66296,Lights
49,1116.062,18,0,1,354.5726,5.427429,1.429802,15.55225,Lights
49,1170.033,19,1,14,10.45879,10.45879,2.873843,53.97144,Lights
49,1205.032,20,2,16,357.5514,2.448608,1.352445,34.99854,Lights
49,81.01619,21,1,5,355.4256,4.574432,2.880701,19.58945,Lights & Radar
49,105.2438,22,2,11,3.835765,3.835765,2.605187,24.22756,Lights & Radar
49,120.6854,23,2,8,0.005951329,0.005951329,2.87833,15.44164,Lights & Radar
49,136.3648,24,2,10,357.2027,2.797302,2.071402,15.67938,Lights & Radar
49,158.2086,25,1,12,357.2345,2.765503,2.61561,21.84384,Lights & Radar
49,196.4299,26,2,2,352.6025,7.397461,1.677418,38.22124,Lights & Radar
49,210.137,27,1,15,3.403968,3.403968,2.412013,13.70712,Lights & Radar
49,370.0089,28,1,1,10.57736,10.57736,2.860559,27.92935,Arrow
49,384.5149,29,2,16,12.34355,12.34355,2.670009,14.50601,Arrow
49,401.2612,30,2,9,359.9945,0.005493164,1.625064,16.74631,Arrow
49,410.0991,31,2,12,13.2562,13.2562,1.967297,8.837891,Arrow
49,421.1576,32,2,5,4.938692,4.938692,1.172023,11.05847,Arrow
49,428.0792,33,0,11,2.508322,2.508322,1.597521,6.921631,Arrow
49,448.8568,34,1,0,359.2431,0.7568665,1.757467,20.77759,Arrow
49,584.8565,35,0,9,9.454095,9.454095,2.082473,26.77966,Arrow & Radar
49,612.0879,36,1,14,1.052888,1.052888,2.838969,27.23138,Arrow & Radar
49,630.4131,37,1,7,359.8922,0.1078491,1.9432,18.3252,Arrow & Radar
49,642.4544,38,0,7,4.925417,4.925417,2.177104,12.04132,Arrow & Radar
49,652.4641,39,1,9,357.9584,2.041626,2.731829,10.0097,Arrow & Radar
49,663.3574,40,2,7,359.8127,0.1872864,2.018552,10.89331,Arrow & Radar
49,674.2202,41,0,1,356.931,3.06897,2.165229,10.86273,Arrow & Radar
49,803.3566,42,1,13,355.261,4.738983,2.173064,29.64679,Radar
49,823.6046,43,1,8,359.2718,0.7281799,1.469281,20.24799,Radar
49,827.5338,44,0,3,358.325,1.674988,1.955905,3.929199,Radar
49,837.5745,45,1,16,355.224,4.77597,1.725166,10.04065,Radar
49,847.178,46,0,6,357.0332,2.966797,1.777754,9.603516,Radar
49,861.0186,47,0,14,358.7967,1.203308,1.129086,13.84064,Radar
49,866.3277,48,1,3,358.6451,1.354889,2.709791,5.309082,Radar
51,242.6713,0,1,11,159.4594,159.4594,0.5752243,27.0802,Arrow
51,254.5576,1,0,3,183.1842,176.8158,1.027857,11.88634,Arrow
51,266.6231,2,0,5,273.8514,86.14856,0.72696,12.06548,Arrow
51,289.727,3,2,2,354.172,5.828033,0.5402859,23.10388,Arrow
51,303.1351,4,0,9,332.7578,27.24225,0.933639,13.40811,Arrow
51,325.4238,5,2,0,227.8476,132.1524,0.6908071,22.28873,Arrow
51,330.9524,6,2,13,234.6305,125.3695,0.8234744,5.528595,Arrow
51,629.4274,7,1,14,359.6062,0.3938293,0.9257255,25.85907,Lights
51,702.6121,8,0,1,352.9796,7.020355,1.115806,73.18463,Lights
51,735.4957,9,0,4,0.9469371,0.9469371,2.670596,32.88361,Lights
51,774.9686,10,0,8,347.4659,12.53415,0.8748611,39.47296,Lights
51,814.6736,11,2,15,6.953704,6.953704,1.885283,39.70496,Lights
51,830.6874,12,0,11,0.5173469,0.5173469,2.665086,16.01379,Lights
51,861.9213,13,2,12,343.3596,16.64035,1.88128,31.23395,Lights
51,1099.553,14,2,16,184.0148,175.9852,1.628532,60.29407,Radar
51,1142.513,15,1,16,191.2153,168.7847,2.427487,42.95911,Radar
51,1198.147,16,2,6,182.4593,177.5407,1.70094,55.63477,Radar
51,1214.508,17,1,2,181.7198,178.2802,1.708757,16.36084,Radar
51,1278.221,18,0,0,187.2298,172.7702,2.782576,63.71265,Radar
51,1293.892,19,2,14,193.9592,166.0408,2.261578,15.67078,Radar
51,1338.393,20,0,6,187.5528,172.4472,2.580287,44.50171,Radar
51,1644.82,21,1,4,1.910572,1.910572,2.132962,14.08594,Arrow & Lights
51,1654.75,22,0,7,4.292022,4.292022,1.745677,9.930054,Arrow & Lights
51,1658.78,23,0,16,12.74963,12.74963,2.46049,4.029663,Arrow & Lights
51,1670.17,24,0,2,3.205932,3.205932,2.146367,11.3905,Arrow & Lights
51,1688.291,25,0,13,353.2521,6.747894,1.962259,18.12061,Arrow & Lights
51,1705.664,26,1,0,356.6244,3.37561,1.828765,17.37317,Arrow & Lights
51,1716.154,27,2,8,349.6458,10.35425,2.486815,10.4895,Arrow & Lights
51,1894.636,28,2,10,185.4397,174.5603,2.216241,43.04968,Arrow & Radar
51,1904.22,29,1,3,166.1093,166.1093,1.841961,9.58374,Arrow & Radar
51,1922.803,30,1,1,200.2561,159.7439,2.172936,18.58362,Arrow & Radar
51,1943.496,31,1,12,177.9985,177.9985,1.428703,20.69287,Arrow & Radar
51,1960.9,32,1,6,183.5345,176.4655,2.092677,17.40405,Arrow & Radar
51,1976.272,33,1,5,179.3989,179.3989,1.737161,15.37134,Arrow & Radar
51,1997.145,34,2,7,199.9256,160.0744,2.236207,20.87329,Arrow & Radar
51,2141.463,35,1,13,1.246271,1.246271,2.295357,37.05054,Control
51,2166.608,36,1,8,17.24301,17.24301,1.41269,25.14526,Control
51,2186.128,37,1,7,83.62466,83.62466,1.202513,19.52002,Control
51,2217.349,38,2,9,21.73903,21.73903,1.087224,31.2207,Control
51,2242.642,39,2,4,7.513042,7.513042,1.320837,25.2937,Control
51,2261.295,40,1,10,219.0602,140.9398,1.241467,18.65308,Control
51,2274.669,41,1,15,87.85388,87.85388,1.067521,13.37402,Control
51,2412.801,42,2,11,3.305523,3.305523,1.681316,43.69385,Lights & Radar
51,2460.579,43,2,3,6.463632,6.463632,1.029189,47.77881,Lights & Radar
51,2493.725,44,0,12,2.458185,2.458185,2.651641,33.14526,Lights & Radar
51,2514.427,45,0,10,356.4728,3.527161,2.259208,20.70264,Lights & Radar
51,2527.683,46,1,9,14.32985,14.32985,2.773861,13.25537,Lights & Radar
51,2563.042,47,2,5,11.23894,11.23894,2.438923,35.35962,Lights & Radar
51,2579.981,48,0,14,345.4362,14.56375,2.77771,16.93848,Lights & Radar
52,254.3044,0,1,6,18.07421,18.07421,1.642683,45.68887,Control
52,295.1545,1,2,11,359.4918,0.5081787,1.757655,40.85013,Control
52,333.3271,2,1,3,7.10358,7.10358,1.267475,38.17255,Control
52,379.6979,3,2,15,3.931418,3.931418,0.939577,46.37085,Control
52,408.8248,4,1,2,356.8296,3.17041,1.382742,29.12683,Control
52,435.6979,5,2,10,353.8525,6.147461,1.033899,26.87311,Control
52,477.8783,6,2,9,340.752,19.24802,0.8724049,42.18039,Control
52,701.4652,7,0,12,351.3418,8.658173,1.275794,20.42975,Arrow & Lights
52,718.6903,8,2,5,354.2487,5.751312,2.565308,17.2251,Arrow & Lights
52,725.6609,9,1,10,353.3829,6.617065,0.769537,6.970642,Arrow & Lights
52,751.2783,10,2,2,353.3221,6.677887,1.195198,25.61737,Arrow & Lights
52,762.6885,11,0,1,355.1882,4.811768,2.030785,11.41022,Arrow & Lights
52,791.6597,12,1,13,354.4263,5.5737,0.813062,28.97119,Arrow & Lights
52,847.1167,13,1,16,357.1469,2.853058,0.9460476,55.45697,Arrow & Lights
52,980.5263,14,2,7,357.644,2.356049,2.269455,17.96814,Lights & Radar
52,993.8036,15,0,3,356.5821,3.417877,2.205499,13.27734,Lights & Radar
52,1010.494,16,0,2,354.4348,5.565247,2.251496,16.69061,Lights & Radar
52,1021.129,17,1,9,0.2248607,0.2248607,2.533545,10.63507,Lights & Radar
52,1038.6,18,1,11,354.1141,5.885895,1.808645,17.47028,Lights & Radar
52,1057.288,19,1,4,355.388,4.611969,2.346339,18.68811,Lights & Radar
52,1073.964,20,2,6,354.5397,5.460327,2.67407,16.67603,Lights & Radar
52,1287.517,21,0,16,348.4026,11.59735,2.85745,18.82935,Lights
52,1306.889,22,0,8,0.9052603,0.9052603,2.721143,19.37134,Lights
52,1333.358,23,0,11,351.8541,8.145905,2.06441,26.4696,Lights
52,1361.699,24,2,3,354.1874,5.812561,1.657183,28.34058,Lights
52,1397.447,25,2,0,3.25662,3.25662,2.866699,35.74854,Lights
52,1414.346,26,1,1,355.9615,4.038544,2.637747,16.89844,Lights
52,1430.965,27,2,4,2.606853,2.606853,2.129719,16.61902,Lights
52,1543.213,28,1,12,357.1441,2.855927,2.71858,14.58948,Arrow & Radar
52,1548.715,29,0,5,353.8712,6.128815,2.334718,5.502319,Arrow & Radar
52,1558.01,30,0,6,354.6257,5.374268,2.518741,9.2948,Arrow & Radar
52,1574.589,31,1,7,354.9162,5.083771,2.334012,16.57898,Arrow & Radar
52,1594.428,32,1,14,350.7459,9.25412,1.593253,19.83936,Arrow & Radar
52,1616.034,33,0,10,357.3359,2.664063,2.588777,21.6051,Arrow & Radar
52,1637.712,34,0,0,357.4458,2.554169,2.187865,21.67871,Arrow & Radar
52,1775.526,35,2,14,359.8265,0.1734924,0.9619544,11.30212,Arrow
52,1791.582,36,0,4,3.677837,3.677837,2.516857,16.05615,Arrow
52,1808.542,37,0,13,1.438135,1.438135,1.520679,16.95984,Arrow
52,1817.191,38,1,15,1.714004,1.714004,2.406551,8.649292,Arrow
52,1831.253,39,0,7,1.158759,1.158759,2.261851,14.06213,Arrow
52,1859.169,40,0,9,0.008778045,0.008778045,2.495671,27.91602,Arrow
52,1880.628,41,1,0,2.983916,2.983916,1.851738,21.45874,Arrow
52,1962.386,42,2,13,1.392618,1.392618,3.079144,2.742554,Radar
52,1976.4,43,0,14,0.8427365,0.8427365,1.264089,14.01453,Radar
52,1990.355,44,2,12,0.4694696,0.4694696,1.926709,13.95459,Radar
52,2004.241,45,1,5,357.6123,2.387726,2.443386,13.88623,Radar
52,2016.079,46,1,8,354.8848,5.115173,2.762561,11.83777,Radar
52,2024.403,47,2,8,354.2447,5.75528,1.80419,8.32373,Radar
52,2039.303,48,2,16,357.3206,2.679443,1.202095,14.90039,Radar
6,356.9347,0,0,3,1.784211,1.784211,0.8784276,19.86755,Arrow & Radar
6,386.6079,1,1,10,354.5088,5.491211,0.8956018,29.67325,Arrow & Radar
6,414.1103,2,1,12,356.7468,3.253204,0.8789439,27.50238,Arrow & Radar
6,433.8855,3,0,9,16.95148,16.95148,0.9064295,19.77518,Arrow & Radar
6,446.9098,4,2,3,350.5687,9.431274,0.9741848,13.02429,Arrow & Radar
6,461.0545,5,1,1,12.17447,12.17447,0.8952901,14.14468,Arrow & Radar
6,468.8849,6,0,2,19.47771,19.47771,0.9055137,7.830475,Arrow & Radar
6,735.1809,7,2,10,349.7553,10.24472,0.1907765,43.2923,Lights & Radar
6,774.7429,8,0,13,355.8339,4.166107,0.3192313,39.56201,Lights & Radar
6,797.8051,9,2,0,8.307687,8.307687,1.079437,23.06219,Lights & Radar
6,832.8864,10,2,2,10.69588,10.69588,0.2997789,35.08124,Lights & Radar
6,855.9031,11,2,9,9.221977,9.221977,2.283396,23.01672,Lights & Radar
6,866.8337,12,2,7,5.691964,5.691964,1.353056,10.9306,Lights & Radar
6,879.4572,13,1,6,1.095388,1.095388,2.196673,12.62347,Lights & Radar
6,1025.276,14,2,8,353.904,6.096008,0.49709,16.34601,Radar
6,1051.624,15,1,13,358.475,1.525024,0.1874194,26.3479,Radar
6,1075.357,16,2,15,343.7593,16.24069,0.1623202,23.73376,Radar
6,1083.526,17,1,9,6.423372,6.423372,1.267727,8.168701,Radar
6,1099.165,18,1,15,12.48061,12.48061,0.1879884,15.63904,Radar
6,1120.179,19,1,4,348.0216,11.97839,0.2994261,21.01416,Radar
6,1129.956,20,0,6,343.5909,16.40906,0.41044,9.776978,Radar
6,1350.509,21,2,14,12.03966,12.03966,0.81259,23.64551,Control
6,1374.073,22,1,16,183.3701,176.6299,0.6188925,23.56482,Control
6,1393.695,23,1,8,11.11077,11.11077,1.543431,19.62195,Control
6,1409.192,24,0,14,351.5008,8.499207,0.5986964,15.49707,Control
6,1430.06,25,1,14,3.372675,3.372675,0.4771808,20.86719,Control
6,1454.659,26,2,5,4.955245,4.955245,0.9333775,24.59949,Control
6,1469.52,27,0,4,3.203525,3.203525,2.224012,14.86108,Control
6,1663.151,28,0,11,291.3145,68.68552,0.4675086,21.51648,Arrow
6,1675.413,29,2,4,12.51695,12.51695,0.8651456,12.26172,Arrow
6,1695.37,30,1,0,15.21756,15.21756,0.7144904,19.95715,Arrow
6,1700.94,31,2,13,33.00189,33.00189,0.7729409,5.569458,Arrow
6,1718.025,32,0,10,4.08715,4.08715,0.4267307,17.08508,Arrow
6,1724.977,33,0,16,13.63279,13.63279,0.5495853,6.952026,Arrow
6,1738.717,34,1,2,16.28744,16.28744,1.279309,13.74023,Arrow
6,1875.327,35,1,11,357.7531,2.246857,0.7001294,17.93359,Arrow & Lights
6,1888.598,36,0,8,2.96227,2.96227,0.4907347,13.27026,Arrow & Lights
6,1909.063,37,2,11,7.078415,7.078415,1.454344,20.46545,Arrow & Lights
6,1925.829,38,1,7,12.73145,12.73145,0.574802,16.76599,Arrow & Lights
6,1943.583,39,2,16,11.82012,11.82012,2.602385,17.75427,Arrow & Lights
6,1951.175,40,0,12,26.30232,26.30232,0.9842558,7.591431,Arrow & Lights
6,1959.382,41,0,5,359.1464,0.8535767,0.465814,8.20752,Arrow & Lights
6,2047.183,42,1,5,11.8732,11.8732,2.348234,24.54224,Lights
6,2072.767,43,2,6,10.06769,10.06769,0.4322999,25.58435,Lights
6,2084.748,44,0,1,348.9282,11.07178,1.264022,11.9812,Lights
6,2099.958,45,0,7,356.2591,3.740875,2.376744,15.20972,Lights
6,2138.464,46,2,12,10.91657,10.91657,2.269881,38.50586,Lights
6,2142.138,47,1,3,13.13161,13.13161,1.849968,3.674561,Lights
6,2168.079,48,0,0,8.969447,8.969447,2.397088,25.94019,Lights
8,181.8935,0,1,9,57.94384,57.94384,6.064845,11.32845,Arrow & Radar
8,192.7703,1,0,2,1.147007,1.147007,1.203285,10.87683,Arrow & Radar
8,205.809,2,0,4,8.885609,8.885609,2.326014,13.03874,Arrow & Radar
8,224.9634,3,2,10,4.444127,4.444127,0.5641454,19.1544,Arrow & Radar
8,252.4465,4,0,0,11.77088,11.77088,0.8752439,27.48311,Arrow & Radar
8,262.9191,5,2,0,6.743955,6.743955,1.763508,10.47258,Arrow & Radar
8,274.5716,6,0,1,354.651,5.348999,1.480414,11.6525,Arrow & Radar
8,393.1906,7,1,2,232.0471,127.9529,2.39019,32.25809,Radar
8,443.3913,8,1,1,340.069,19.93103,1.946474,50.20065,Radar
8,468.3835,9,2,12,8.941095,8.941095,2.99412,24.99222,Radar
8,509.4015,10,2,4,348.086,11.914,1.322382,41.01801,Radar
8,556.5103,11,1,14,282.6527,77.34732,1.042277,47.10876,Radar
8,615.2104,12,2,3,54.10907,54.10907,2.966014,58.70013,Radar
8,643.4993,13,2,5,257.169,102.831,1.243284,28.28894,Radar
8,813.6757,14,2,14,348.2336,11.76645,0.8765415,10.47144,Lights & Radar
8,829.1195,15,0,16,354.2178,5.782166,2.089401,15.44385,Lights & Radar
8,956.0092,16,2,9,4.456138,4.456138,2.91981,126.8896,Lights & Radar
8,988.8398,17,2,6,356.0463,3.953735,2.175971,32.83063,Lights & Radar
8,1023.473,18,1,12,171.2668,171.2668,0.6379168,34.63275,Lights & Radar
8,1054.367,19,0,5,348.572,11.42804,1.586815,30.89478,Lights & Radar
8,1072.381,20,1,8,4.145255,4.145255,2.365816,18.01404,Lights & Radar
8,1239.546,21,1,10,7.148934,7.148934,0.8452116,7.213135,Arrow
8,1254.704,22,2,2,6.644887,6.644887,1.084866,15.15784,Arrow
8,1266.229,23,0,7,359.9089,0.09109497,1.799206,11.52527,Arrow
8,1284.214,24,2,11,12.25881,12.25881,0.9438161,17.98547,Arrow
8,1291.185,25,0,11,354.6626,5.337372,1.655317,6.970581,Arrow
8,1300.704,26,1,16,357.5268,2.473236,0.9048131,9.519287,Arrow
8,1314.955,27,2,16,352.5739,7.426056,1.105093,14.25024,Arrow
8,1484.653,28,1,15,354.149,5.851013,1.698071,13.82532,Control
8,1508.97,29,0,9,357.2948,2.7052,0.5909805,24.31702,Control
8,1537.193,30,0,14,336.4673,23.53271,0.6381896,28.22217,Control
8,1558.749,31,0,8,357.2596,2.740417,0.3302346,21.55627,Control
8,1581.057,32,0,3,0.4136608,0.4136608,0.5036885,22.30823,Control
8,1602.277,33,2,15,322.7831,37.21692,0.4875513,21.22034,Control
8,1655.7,34,1,13,356.1617,3.838287,0.5868813,53.42249,Control
8,1791.37,35,1,11,359.3132,0.6867981,1.846001,17.81274,Lights
8,1830.067,36,1,7,5.233198,5.233198,2.379425,38.69678,Lights
8,1840.801,37,2,8,10.79417,10.79417,2.551409,10.73474,Lights
8,1861.418,38,1,6,348.066,11.93396,2.571438,20.61682,Lights
8,1878.289,39,2,7,0.4549327,0.4549327,2.809246,16.87073,Lights
8,1894.316,40,1,5,6.828715,6.828715,2.705898,16.02686,Lights
8,1904.398,41,2,13,6.883223,6.883223,3.16127,10.08191,Lights
8,2051.365,42,0,10,2.269567,2.269567,1.443455,13.02759,Arrow & Lights
8,2056.771,43,1,3,6.785016,6.785016,2.323578,5.406006,Arrow & Lights
8,2064.942,44,0,6,0.300435,0.300435,1.912269,8.170898,Arrow & Lights
8,2084.643,45,1,0,352.9535,7.046539,1.344493,19.70093,Arrow & Lights
8,2097.084,46,1,4,0.6375481,0.6375481,2.579274,12.44067,Arrow & Lights
8,2113.015,47,0,13,10.80266,10.80266,0.9539799,15.93115,Arrow & Lights
8,2120.919,48,0,12,359.8049,0.1951294,0.9137981,7.904541,Arrow & Lights
9,251.71,0,1,12,353.1606,6.839447,0.4540606,83.0497,Lights
9,294.2745,1,2,2,358.3075,1.692474,1.491262,42.56451,Lights
9,331.0309,2,2,9,10.96049,10.96049,2.317234,36.75635,Lights
9,346.4331,3,1,9,358.9093,1.090668,2.39029,15.40228,Lights
9,379.8358,4,0,6,7.922028,7.922028,2.275218,33.40265,Lights
9,410.2086,5,0,12,350.801,9.198975,2.048433,30.37283,Lights
9,467.0436,6,0,0,352.5906,7.409424,0.8287239,56.83502,Lights
9,616.3028,7,1,4,5.395536,5.395536,0.5097609,26.3291,Arrow
9,632.9559,8,0,3,13.38771,13.38771,0.4451835,16.65308,Arrow
9,646.6641,9,0,5,359.5779,0.4220886,0.8048322,13.70825,Arrow
9,672.1487,10,2,10,206.6972,153.3028,0.4623328,25.48456,Arrow
9,684.3739,11,0,10,172.7879,172.7879,0.4565989,12.22522,Arrow
9,708.4282,12,1,7,10.52512,10.52512,0.4443977,24.05432,Arrow
9,722.3331,13,0,1,354.4902,5.509827,0.5294009,13.90485,Arrow
9,845.7189,14,0,7,12.0764,12.0764,0.9145304,15.7915,Arrow & Lights
9,857.7713,15,1,15,357.962,2.038025,0.4983155,12.05237,Arrow & Lights
9,880.2784,16,2,3,356.3764,3.623627,0.890986,22.50714,Arrow & Lights
9,897.3304,17,2,16,1.420684,1.420684,0.5046968,17.052,Arrow & Lights
9,916.4763,18,1,6,359.2231,0.7769165,0.3969555,19.14587,Arrow & Lights
9,933.009,19,1,2,5.101065,5.101065,0.5860749,16.53265,Arrow & Lights
9,957.3433,20,1,0,357.4052,2.594757,0.4620739,24.33429,Arrow & Lights
9,1061.403,21,2,6,342.5784,17.42157,0.6299512,20.09644,Radar
9,1074.219,22,0,2,352.3187,7.681305,0.2677315,12.81592,Radar
9,1095.776,23,0,14,348.2786,11.72141,0.9259982,21.55688,Radar
9,1113.484,24,2,12,353.4427,6.557251,0.2901287,17.70862,Radar
9,1130.848,25,2,0,349.2618,10.73822,0.4650328,17.36328,Radar
9,1145.898,26,1,16,347.3594,12.64056,0.9062795,15.05005,Radar
9,1165.333,27,0,13,350.1194,9.880554,1.601797,19.43542,Radar
9,1387.806,28,2,15,10.91863,10.91863,0.7109745,27.25806,Control
9,1434.566,29,1,14,2.631875,2.631875,0.7047023,46.76086,Control
9,1454.166,30,0,9,13.02458,13.02458,0.8737165,19.59961,Control
9,1478.495,31,1,5,355.0517,4.948273,1.049553,24.32861,Control
9,1500.134,32,0,16,358.519,1.480957,1.185549,21.63916,Control
9,1540.55,33,0,8,2.240349,2.240349,0.5323226,40.41638,Control
9,1585.733,34,2,7,14.12482,14.12482,1.153576,45.1825,Control
9,1695.887,35,2,4,358.5709,1.429077,1.32954,11.16211,Arrow & Radar
9,1708.932,36,0,4,341.6497,18.35028,1.005808,13.04456,Arrow & Radar
9,1735.723,37,1,13,0.5052536,0.5052536,1.869663,26.79114,Arrow & Radar
9,1750.846,38,1,1,359.1882,0.8118286,1.13996,15.12305,Arrow & Radar
9,1765.527,39,1,11,6.383005,6.383005,0.4957539,14.68127,Arrow & Radar
9,1777.164,40,2,8,358.4833,1.516663,0.8650075,11.63696,Arrow & Radar
9,1787.533,41,2,13,359.2302,0.7698364,1.397702,10.36926,Arrow & Radar
9,1862.639,42,2,14,355.4497,4.550323,2.328933,14.54285,Lights & Radar
9,1886.763,43,2,11,350.6613,9.338745,0.9375189,24.12476,Lights & Radar
9,1897.426,44,1,3,347.4467,12.55325,1.449206,10.66272,Lights & Radar
9,1907.291,45,1,10,352.7447,7.25531,1.248874,9.865234,Lights & Radar
9,1921.483,46,0,11,357.4502,2.549774,0.9922569,14.19141,Lights & Radar
9,1944.128,47,1,8,346.3224,13.67764,2.254401,22.64526,Lights & Radar
9,1959.934,48,2,5,350.0571,9.942871,2.071452,15.80652,Lights & Radar
10,167.6286,0,0,5,353.667,6.333038,1.220336,14.71585,Control
10,189.3566,1,0,7,21.72867,21.72867,0.988692,21.72804,Control
10,201.5095,2,1,1,343.0842,16.91583,1.378189,12.15286,Control
10,214.2591,3,1,9,11.66775,11.66775,1.203632,12.7496,Control
10,239.2394,4,2,15,6.716163,6.716163,1.782136,24.98032,Control
10,256.5016,5,1,2,343.3595,16.6405,1.899722,17.26224,Control
10,276.4205,6,1,4,349.4766,10.52338,0.7651052,19.91885,Control
10,399.0436,7,0,9,354.3794,5.620636,1.237553,26.65631,Lights & Radar
10,408.3048,8,0,11,346.563,13.43704,0.8440269,9.261169,Lights & Radar
10,431.0555,9,2,7,358.2949,1.705078,2.860632,22.75067,Lights & Radar
10,447.3641,10,2,14,359.5421,0.4579468,1.520414,16.30859,Lights & Radar
10,457.6161,11,1,16,358.6318,1.368164,1.86544,10.25208,Lights & Radar
10,469.7717,12,2,13,1.205131,1.205131,2.666221,12.15552,Lights & Radar
10,479.4458,13,0,10,357.2643,2.735687,1.739696,9.674133,Lights & Radar
10,610.7633,14,2,12,9.347138,9.347138,0.8866658,16.16449,Arrow & Lights
10,626.8069,15,2,11,4.68989,4.68989,1.556923,16.04358,Arrow & Lights
10,639.6356,16,1,14,3.872144,3.872144,1.378379,12.82867,Arrow & Lights
10,649.3521,17,2,16,9.569255,9.569255,1.63027,9.716492,Arrow & Lights
10,658.9451,18,1,5,1.968114,1.968114,1.939048,9.593018,Arrow & Lights
10,675.5431,19,1,6,4.098615,4.098615,0.5381165,16.59802,Arrow & Lights
10,681.5217,20,0,2,3.173053,3.173053,1.377662,5.978577,Arrow & Lights
10,779.964,21,1,0,0.9512578,0.9512578,0.7572321,19.32703,Arrow & Radar
10,790.2018,22,1,15,356.9617,3.0383,0.8314182,10.23785,Arrow & Radar
10,801.3585,23,2,5,5.126874,5.126874,1.846519,11.15662,Arrow & Radar
10,814.5667,24,0,14,355.4369,4.56308,0.6984161,13.20825,Arrow & Radar
10,829.9924,25,1,13,355.9624,4.037567,0.9217203,15.42566,Arrow & Radar
10,842.4284,26,2,3,6.236899,6.236899,0.6060503,12.43604,Arrow & Radar
10,856.9476,27,1,8,353.5659,6.434113,0.9344115,14.51917,Arrow & Radar
10,962.3566,28,1,10,353.3686,6.631409,0.62515,6.669556,Lights
10,994.081,29,2,2,357.9758,2.02417,2.709339,31.72437,Lights
10,1022.12,30,2,10,351.9871,8.012909,2.688692,28.039,Lights
10,1038.023,31,0,1,353.0241,6.975861,2.890637,15.90332,Lights
10,1050.069,32,0,6,350.8506,9.149353,3.227717,12.04614,Lights
10,1059.328,33,1,3,0.3102306,0.3102306,2.244278,9.258667,Lights
10,1065.925,34,0,3,7.687352,7.687352,3.063404,6.596558,Lights
10,1128.931,35,1,12,347.1504,12.84958,1.383891,11.38684,Radar
10,1137.238,36,0,4,353.5136,6.48642,1.396966,8.306519,Radar
10,1145.393,37,2,4,349.4541,10.5459,1.966567,8.155884,Radar
10,1158.114,38,0,8,357.7886,2.211365,0.5258599,12.72021,Radar
10,1165.237,39,0,16,356.6639,3.33606,0.9301932,7.123413,Radar
10,1185.547,40,2,9,0.1493624,0.1493624,0.5633333,20.30945,Radar
10,1201.143,41,1,7,359.0579,0.9421082,0.45253,15.59607,Radar
10,1279.124,42,0,0,4.186426,4.186426,1.281812,17.25012,Arrow
10,1295.647,43,0,13,2.28061,2.28061,0.5873975,16.5238,Arrow
10,1302.307,44,2,8,3.867628,3.867628,0.7534525,6.659302,Arrow
10,1317.011,45,2,0,358.6892,1.310791,0.6970615,14.70447,Arrow
10,1331.688,46,2,6,2.354431,2.354431,0.6021993,14.67725,Arrow
10,1341.94,47,0,12,354.3834,5.616608,0.9266245,10.25146,Arrow
10,1355.789,48,1,11,0.1125554,0.1125554,0.6027162,13.84961,Arrow
11,316.7864,0,2,13,224.5289,135.4711,0.6023501,7.993622,Radar
11,338.994,1,2,10,53.11075,53.11075,0.9265717,22.20758,Radar
11,367.3263,2,2,5,9.039825,9.039825,0.5102352,28.33234,Radar
11,377.4794,3,2,8,333.5402,26.45981,0.5250853,10.15308,Radar
11,386.0604,4,0,12,357.7806,2.219391,0.6251099,8.581024,Radar
11,400.4956,5,2,16,268.7738,91.2262,0.7819239,14.43515,Radar
11,422.8965,6,1,0,325.9155,34.08453,0.9887307,22.40088,Radar
11,725.8958,7,0,5,349.9983,10.00171,0.593372,7.451599,Arrow & Radar
11,742.139,8,0,0,83.08582,83.08582,0.5587907,16.24329,Arrow & Radar
11,751.4518,9,1,16,10.87669,10.87669,0.6439592,9.312744,Arrow & Radar
11,763.6364,10,0,14,67.98535,67.98535,0.5018409,12.18457,Arrow & Radar
11,778.5149,11,2,12,164.9421,164.9421,0.543255,14.87854,Arrow & Radar
11,784.2292,12,2,14,85.15717,85.15717,0.5592698,5.714294,Arrow & Radar
11,793.2174,13,1,2,63.29473,63.29473,0.5049399,8.98822,Arrow & Radar
11,960.7668,14,1,1,9.718156,9.718156,0.4884402,13.98346,Arrow
11,965.5707,15,0,3,161.0065,161.0065,0.6920793,4.803955,Arrow
11,977.2751,16,0,8,250.626,109.374,0.6980001,11.70435,Arrow
11,993.4182,17,2,7,102.6441,102.6441,0.9103525,16.14307,Arrow
11,1006.816,18,1,6,89.74273,89.74273,0.7268165,13.39758,Arrow
11,1018.896,19,2,0,334.7793,25.2207,0.5952513,12.08063,Arrow
11,1036.595,20,1,13,62.18185,62.18185,0.4592202,17.69861,Arrow
11,1240.74,21,2,9,334.1337,25.8663,0.4770187,33.05847,Lights & Radar
11,1254.404,22,2,15,4.957983,4.957983,1.872306,13.66479,Lights & Radar
11,1275.472,23,1,4,33.42067,33.42067,1.331282,21.06738,Lights & Radar
11,1286.071,24,0,4,32.30743,32.30743,1.111048,10.59912,Lights & Radar
11,1312.277,25,2,2,9.989217,9.989217,2.029216,26.20654,Lights & Radar
11,1324.67,26,0,16,359.63,0.3699951,0.4942299,12.39246,Lights & Radar
11,1332.001,27,0,9,15.90355,15.90355,1.324453,7.331055,Lights & Radar
11,1618.009,28,1,7,346.5757,13.42426,2.07855,15.77063,Lights
11,1626.646,29,1,11,349.3482,10.65182,1.411793,8.637451,Lights
11,1633.245,30,1,15,339.168,20.832,2.785419,6.598755,Lights
11,1639.783,31,1,9,348.6703,11.32968,1.894928,6.538452,Lights
11,1650.245,32,0,10,14.90495,14.90495,3.328682,10.46155,Lights
11,1658.933,33,2,6,13.34614,13.34614,1.099437,8.687866,Lights
11,1672.519,34,1,3,330.6857,29.31427,2.361981,13.58618,Lights
11,1913.122,35,2,4,303.1237,56.87634,11.28493,0.9031982,Control
11,1920.102,36,0,11,5.129102,5.129102,0.824744,6.979858,Control
11,1937.339,37,0,7,341.4875,18.51251,1.488951,17.23682,Control
11,1945.337,38,0,2,344.4174,15.58264,1.365697,7.997681,Control
11,1951.311,39,1,10,326.5531,33.44693,1.095244,5.974365,Control
11,1969.464,40,2,11,338.2918,21.70822,1.3184,18.15247,Control
11,1987.35,41,1,14,314.9773,45.02267,0.8327227,17.88647,Control
11,2258.665,42,1,5,356.4977,3.502319,1.286451,9.301514,Arrow & Lights
11,2268.032,43,2,3,355.1433,4.85672,1.277357,9.366943,Arrow & Lights
11,2275.218,44,0,1,4.882126,4.882126,1.398115,7.186035,Arrow & Lights
11,2290.04,45,0,13,3.575749,3.575749,1.596109,14.82202,Arrow & Lights
11,2299.383,46,1,12,347.7215,12.27853,1.066236,9.343262,Arrow & Lights
11,2308.571,47,1,8,1.175882,1.175882,1.601933,9.187744,Arrow & Lights
11,2316.245,48,0,6,12.12174,12.12174,1.852538,7.674316,Arrow & Lights
13,325.7949,0,2,16,354.864,5.136047,1.534726,93.41881,Lights
13,401.7231,1,0,13,2.79043,2.79043,31.67229,75.92819,Lights
13,440.1591,2,2,2,10.08036,10.08036,33.30833,38.43597,Lights
13,554.1671,3,1,13,79.27953,79.27953,26.41569,114.008,Lights
13,555.5373,4,1,6,109.6735,109.6735,16.79102,1.370239,Lights
13,555.9274,5,1,9,209.9066,150.0934,6.223938,0.3901367,Lights
13,556.3409,6,0,1,227.2953,132.7047,14.63385,0.4134521,Lights
13,84.52332,7,0,13,13.65133,13.65133,1.569445,37.86058,Arrow & Lights
13,101.3198,8,2,6,0.8137104,0.8137104,1.725494,16.79651,Arrow & Lights
13,136.9794,9,0,0,353.5046,6.495422,1.228483,35.65954,Arrow & Lights
13,155.913,10,0,11,351.3866,8.613434,2.344793,18.93364,Arrow & Lights
13,176.4001,11,1,3,358.0083,1.991699,1.094734,20.48708,Arrow & Lights
13,215.246,12,1,14,8.042545,8.042545,1.188451,38.84595,Arrow & Lights
13,230.0517,13,0,7,12.49743,12.49743,2.076687,14.80563,Arrow & Lights
13,341.5575,14,2,12,357.2095,2.790466,0.9676156,23.46304,Arrow
13,348.8159,15,1,9,327.1237,32.87634,1.700003,7.258362,Arrow
13,369.3583,16,2,3,356.152,3.847961,1.301422,20.54239,Arrow
13,380.4702,17,0,1,0.0441654,0.0441654,2.116712,11.11188,Arrow
13,394.2058,18,0,10,356.278,3.721985,1.589593,13.73563,Arrow
13,408.9141,19,2,2,9.735862,9.735862,2.683737,14.70831,Arrow
13,421.651,20,0,9,356.3942,3.605774,2.542192,12.73691,Arrow
13,539.2118,21,0,16,2.256073,2.256073,1.586757,29.30185,Control
13,573.8974,22,1,12,354.875,5.125031,2.479024,34.68561,Control
13,594.7368,23,2,8,343.3188,16.68124,1.416651,20.83942,Control
13,624.9999,24,1,5,352.3876,7.612427,1.136373,30.26312,Control
13,654.8301,25,2,16,349.0494,10.95059,1.840493,29.83014,Control
13,690.6985,26,2,15,339.9815,20.01849,2.054108,35.86841,Control
13,711.4869,27,1,6,340.655,19.34503,1.841635,20.78839,Control
13,872.3901,28,2,0,342.4713,17.52872,1.003217,36.03912,Radar
13,912.6859,29,1,16,298.5248,61.47522,2.782111,40.29572,Radar
13,932.718,30,0,4,345.7406,14.25943,1.92509,20.0321,Radar
13,949.3275,31,2,4,353.5721,6.427887,2.410366,16.60956,Radar
13,969.3152,32,2,7,359.1596,0.8403931,1.976482,19.98773,Radar
13,986.0827,33,2,5,349.6767,10.32333,1.592798,16.76746,Radar
13,1004.752,34,1,8,339.5918,20.40817,2.383316,18.66962,Radar
13,1144.779,35,0,5,349.0584,10.94156,1.572205,14.25171,Lights & Radar
13,1166.789,36,1,1,4.000226,4.000226,2.38042,22.01013,Lights & Radar
13,1183.023,37,1,15,3.294785,3.294785,2.35619,16.23389,Lights & Radar
13,1209.342,38,1,0,0.1165692,0.1165692,2.568754,26.31897,Lights & Radar
13,1222.33,39,0,6,0.06797715,0.06797715,1.816402,12.9884,Lights & Radar
13,1237.275,40,1,11,5.172898,5.172898,3.143758,14.94434,Lights & Radar
13,1261.356,41,1,13,8.41955,8.41955,2.617134,24.08142,Lights & Radar
13,1393.289,42,1,7,23.26512,23.26512,2.048548,22.66626,Arrow & Radar
13,1410.291,43,0,8,14.65784,14.65784,0.9146976,17.00232,Arrow & Radar
13,1431.483,44,2,10,349.2888,10.71124,1.331772,21.19141,Arrow & Radar
13,1455.388,45,1,4,29.94264,29.94264,1.208974,23.9054,Arrow & Radar
13,1469.484,46,0,12,27.42038,27.42038,0.8883739,14.09631,Arrow & Radar
13,1471.898,47,2,13,18.34431,18.34431,2.982142,2.413696,Arrow & Radar
13,1491.228,48,0,14,7.670962,7.670962,2.166391,19.33008,Arrow & Radar
